"PC","prop_var"
"PC1",0.744176435651381
"PC2",0.178037770335841
"PC3",0.0777857940127784
