"","Resid. Df","Resid. Dev","Df","Deviance","Pr(>Chi)"
"1",183,550.140704291571,NA,NA,NA
"2",178,527.265532222749,5,22.8751720688216,0.000356626855716087
